EQUI-5	at 91	aged 91
SPE1_FACT-3	Former Nazi death camp guard Demjanjuk	John Demjanjuk convicted Nazi death camp guard
EQUI-5	dead	dies
EQUI-5	to compete	To Compete
REL-3	Saudis	Saudi Women
EQUI-5	in Olympics	At Olympics
EQUI-5	women	Saudi Women
EQUI-5	to permit	Allowed
EQUI-5	kills	kills
SPE1-4	US drone strike	Drone strike
EQUI-5	in Pakistan	in Pakistan
SIMI_FACT-4	5 militants	four suspected militants
SPE1-2	Syria peace plan conditions	Syria peace
EQUI_POL-5	Syrian regime	Syria
EQUI-5	in Houla massacre	for Houla massacre
EQUI-5	China stocks	Chinese stocks
SPE2-4	Friday	midday Friday
SIMI-2	mixed	higher
EQUI-5	close	close
SPE1-4	Mall attackers	attackers
EQUI-5	used	used
EQUI-5	` less is more ' strategy	` less is more ' strategy
EQUI-5	Solomon Islands	Solomon Islands
EQUI-5	strikes off	strikes off
SIMI-4	6.8 quake	Magnitude 6.3 quake
EQUI-5	recognizes	recognize
EQUI-5	of Syria	of Syria
SIMI-4	as legitimate representative	as sole representative
EQUI-5	Friends	Friends
EQUI-5	opposition coalition	opposition
EQUI-5	detained	detains
EQUI-5	for ` house sister ' scandal	for `` house sister '' scandal
EQUI-5	7	7
EQUI-5	takes a beating	tumbles
EQUI-5	Boeing 787 Dreamliner	on 787 Dreamliner
EQUI-5	catches fire	after fire
EQUI-5	stock	Boeing stock
EQUI-5	seven foreign workers	Seven foreign workers
EQUI-5	in Nigeria	in Nigeria
EQUI-5	abduct	kidnapped
EQUI-5	Israeli forces	security forces
EQUI-5	in West Bank , Jerusalem	in W. Bank
EQUI-5	clash with	clash with
EQUI-5	Palestinians	Palestinians
SPE1-4	in bus accident	in road accident
EQUI-5	killed	killed
SIMI-4	12	10
SPE2-4	in Pakistan	in NW Pakistan
EQUI-5	Postpones	postpones
EQUI-5	Family Reunions	family unions
EQUI-5	with South	with South Korea
EQUI-5	North Korea	North Korea
EQUI-5	From Soccer	from football
EQUI_FACT-5	Announces Retirement	retires
EQUI-5	David Beckham	David Beckham
EQUI-5	on National Mall	on National Mall
EQUI-5	Dies	dies
EQUI-5	Man	Man
EQUI-5	Who Set Himself on Fire	who set himself ablaze
SIMI-4	Selected	is
EQUI-5	as Japan	Japan
EQUI-5	's Prime Minister	's prime minister
EQUI-5	Shinzo Abe	Shinzo Abe
EQUI-5	after ski accident	following skiing accident
EQUI-5	Schumacher	Michael Schumacher
EQUI-5	in a coma	in a coma
EQUI-5	a Lance Armstrong biopic	Lance Armstrong in biopic
SPE2-3	Bradley Cooper and JJ Abrams	Bradley Cooper
REL-3	about filming	to play
EQUI-5	in talks	in talks
EQUI-5	EU ministers	EU ministers
EQUI-5	horsemeat scandal	over horse meat scandal
EQUI-5	Thai opposition party	Thai opposition
SPE1-4	to boycott general election	election boycott
EQUI-5	continues	continues
EQUI-5	power crisis	blackout
EQUI-5	Jagan Reddy	Jagan
EQUI-5	in Seemandhra	in Seemandhra
EQUI-5	to hospital	in hospital
EQUI-5	as Maracana re-opens	as Maracana re-opens
REL_POL-3	tied	held
EQUI-5	Brazil	Brazil
EQUI-5	2-2	2-2
EQUI-5	by England	by England
SIMI-3	warns against	weighs into
SPE1-4	bitter immigration debate	immigration debate
EQUI-5	George W. Bush	George W Bush
EQUI-5	ill	fall sick
EQUI-5	Hundreds	Hundreds
SPE1-3	of Bangladesh clothes factory workers	in Bangladesh factory
EQUI-5	conducts	launches
EQUI-5	on Syria	against Syria
SPE2-4	airstrike	new airstrike
EQUI-5	Israel	Israel
EQUI-5	after China earthquake	in China quake
SIMI-3	Around 100 dead or injured	Hundreds dead or injured
EQUI-5	Killed	killed
EQUI-5	2 French Journalists	Two French journalists
EQUI-5	in Mali	in Mali
SPE1-4	in collapsed Japan tunnel	from Japan tunnel
EQUI-5	ablaze	left burning
EQUI-5	Vehicles	Vehicles
EQUI-5	attack	attack
SPE2-3	north Mali city	Malian troops in Gao
EQUI-5	Islamists	Islamists
EQUI-5	approves	reached
EQUI-5	fiscal cliff deal	Deal on `` fiscal cliff ''
EQUI-5	China stocks	China stocks
EQUI-5	higher	higher
EQUI-5	close	close
EQUI-5	Dolce and Gabbana	Dolce and Gabbana
SPE2-4	of tax evasion	in Italian Tax Case
SIMI-4	convicted	Fined
REL-3	on Syrian chemical arms	over Syria chemical claims
SPE1-3	UK alert	West
EQUI_FACT-5	believed killed	dies
EQUI-5	in plane crash	in plane crash
EQUI-5	Mexican singer Jenni Rivera	Jenni Rivera Mexican music star
EQUI-5	climbs	rises
SIMI-4	to 15	to 11
EQUI-5	in Indonesia boat sinking	in Indonesia boat capsize
EQUI-5	Death toll	Death toll
EQUI-5	leads	leads
EQUI-5	in Iran presidential vote preliminary results	in initial Iran count
EQUI-5	Rouhani	Rouhani
SIMI-4	increases security	bracing
EQUI-5	Egypt	Egypt
SPE1-4	before pro-Morsi protests	for massive protests
EQUI-5	hits	climbs
EQUI-5	death toll	death toll
SIMI-2	362	to 580
EQUI-5	Bangladesh building collapse	Bangladesh building-collapse
EQUI-5	in Nevada middle school shooting	Nevada in middle school shooting
EQUI-5	2 injured	2 hurt
EQUI-5	2 dead	2 dead
EQUI-5	mixed sex schools ban	in mixed-sex school ` ban '
EQUI-5	Hamas	Hamas
EQUI-5	gives	gives
EQUI-5	Russia	Russia
EQUI-5	initial OK	initial approval
SPE1-4	to American adoption ban	to adoption ban
EQUI-5	Among 7 Dead	among 7 dead
EQUI-5	Gunman	Gunman
EQUI-5	After Florida Apartment Shooting	after Fla. apartment shootout
SPE1-4	New information	after they received information
SPE1-4	Murder claim over Diana 's death	Diana and Fayed death info
EQUI-5	to the police	by police
EQUI-5	of Princess Diana and Dodi Fayed	of Princess Diana and Dodi Al Fayed
EQUI-5	the deaths	The deaths
EQUI-5	tough stand	tough stance
EQUI-5	pledges	promises
EQUI-5	Narendra Modi	India 's Modi
EQUI-5	against Pakistan	against Pakistan
EQUI-5	gays	on gays
EQUI-5	on admitting	on lifting ban
EQUI-5	delay	delays
SIMI-4	decision	vote
EQUI-5	Boy Scouts	Boy Scouts
SIMI-2	0.26 pc	1.53 %
EQUI-5	Tokyo stocks	Tokyo stocks
EQUI-5	close down	close down
EQUI-5	USA	U.S.
EQUI-5	expels	expels
EQUI-5	Venezuela diplomats	Venezuelan diplomats
EQUI-5	growth likely to slow	of slower growth
EQUI-5	reports	reports
EQUI-5	Ryanair	Ryanair
EQUI-5	warns	warns
SPE2-3	record profits	13 % rise
EQUI-5	this year	this year
SPE2-4	Opposition leaders	Cambodia opposition leaders
EQUI-5	Commonwealth summit	Commonwealth summit
REL-1	Indian media	Indian PM
SPE1-4	gay marriage bill	gay marriage
EQUI-5	backs	backs
REL-1	Yvette Cooper	White House
SIMI-2	100 killed	9 Dead
EQUI-5	in new Darfur tribal clashes	in New Darfur Tribal Clash
SPE1-4	after deadly Bangladesh building collapse	as Bangladesh building toll
SIMI-3	8	Four
EQUI-5	arrested	arrested
REL-2	Afghans	Afghan District Governor
EQUI-5	Taliban	To Taliban
EQUI-5	divided	divided
SPE1-4	Taliban attacks	Series of attacks
EQUI-5	in Afghanistan	in Afghanistan
EQUI-5	kill	kill
SIMI-3	17 civilians	10 police
SPE1-4	Texas residents	Residents
SPE1-4	after deadly blast	to Texas blast site
REL-3	for president	After Presidential Runoff
SIMI-3	to vote	Votes
EQUI-5	Mali	Mali
SIMI-3	overthrown	stepping down
EQUI-5	Central African Republic president	Central African Republic President
SPE2-3	North Korean nuclear test	North Korea controversial third nuclear test
EQUI-5	in Russian coal mine blast	in Russia coal mine blast
SIMI-2	trapped	killed
SIMI-3	18	Ten
EQUI-5	U.S. Northeast	US Northeast
SIMI-4	Blizzard hammers	Blizzard wallops
SIMI-2	New Zealand	Iran
SIMI-3	6.9 magnitude earthquake	5.6 magnitude earthquake
EQUI-5	hits	shakes
EQUI-5	Daily Press Briefing	Daily Press Briefing
SIMI-2	South Sudan	Syria
SIMI-2	French parliament	Russian parliament
EQUI-5	in prison	in prison
SIMI-1	Manning	Ariel Castro
SIMI-1	to 35 years	to 1,000 years
EQUI-5	sentenced	sentenced
OPPO-4	lower	higher
EQUI-5	close	close
EQUI-5	China stocks	China stocks
SIMI-3	on Friday	on Wednesday
EQUI-5	in Texas fertilizer plant blast	of Texas fertiliser plant blast
EQUI-5	chemical weapons	chemical weapons
EQUI-5	the U.S.	US
EQUI-5	Syria	Syria
EQUI-5	plan	plans
SPE2-3	polymer notes	polymer Naira notes
SIMI-2	reiterates	announces
SIMI-2	to phase out	to change
SPE1-4	India gang-rape victim	Indian rape victim
SPE1-3	Yacimovich	Israel
SPE2-4	Palestinian prisoners	104 Palestinian prisoners
SIMI-4	to approve	agrees
EQUI-5	release	to free
SIMI-4	Israeli envoys	Israeli envoy
SPE1-4	over settlement plans	over settlements
EQUI-5	summoned	summons
SPE2-2	in State of the Union	's State of the Union speech
EQUI-5	Obama	in Obama
EQUI-5	convicted	get jail time
SIMI-4	Five	3
EQUI-5	in Kosovo organ trafficking case	Kosovo in organ trafficking case
SPE2-3	Wave of bombings	Car bombs
EQUI-5	kills	kill
SIMI-2	15	49
EQUI-5	in Iraq	in Iraq
EQUI-5	kill	kill
SPE2-2	nine people	6 soldiers
EQUI-5	in northwest Pakistan	in northwest Pakistan
EQUI_POL-5	Gunmen	Militants
SPE1-4	after deadly Bangladesh building collapse	after Bangladesh building collapse
EQUI-5	Snowden	Snowden
REL-2	against protesters	about protests
SIMI-3	8	14
SPE1-4	2 car bombs	Car bombing
OPPO-4	in southern Iraq	in northern Iraq
EQUI-5	kill	kills
EQUI-5	Pictures of the day	Pictures of the day
SIMI-2	7 August 2013	11 April 2013
OPPO-4	vanishes	returned
EQUI-5	from National Zoo	to National Zoo
EQUI-5	Red panda	Missing red panda
SIMI-3	6.3-magnitude earthquake	7.7-magnitude earthquake
EQUI-5	hits	hits
SIMI-2	Taiwan	SW Pakistan
SIMI-4	Heats Up	soar
SPE1-2	Google and IBM Post Strong Earnings	on strong earnings
REL-3	Tech Sector	Google shares
EQUI-5	's presidential candidates	as presidential candidate
SIMI-2	in Damascus	in Iraqi capital
EQUI-5	Car bombing	Car bombings
SPE2-2	53	13 civilians
EQUI-5	kills	kill
SIMI-2	Syria	Iraq
SIMI-3	Turkish PM	Turkish police
SIMI-4	protests	at protesters
EQUI-5	in Istanbul	in Istanbul
EQUI-5	of San Fermin bull-running festival	San Fermin bull-running festival
EQUI-5	Start	starts
SIMI-3	Former LAPD officer	Former CIA officer
REL-2	Pakistan court	Pakistan-UN report
EQUI-5	50th anniversary	On 50th anniversary
SPE2-3	remembered	its first memorial
EQUI-5	of JFK 's death	of JFK death
SPE2-4	Palestinian prisoners	of 26 Palestinian prisoners
SIMI-4	frees	approves release
SIMI-3	Israel	Gov ' t committee
REL-3	with Mandela family	to Mandela
EQUI-5	meets	meets
EQUI-5	Obama	Obama
EQUI-5	in 3 cities	in three cities
EQUI-5	state	state
EQUI-5	Egypt 's leader	Egypt president
EQUI-5	of emergency	of emergency
EQUI-5	imposes	declares
EQUI-5	receives	Receives
EQUI-5	EU	EU
SPE2-4	Nobel Peace Prize	2012 Nobel Peace Prize
EQUI-5	to Death	to Death
REL-3	for War Crimes	by War Crimes Tribunal
EQUI-5	Sentenced	Sentenced
EQUI-5	no casualties	None Hurt
SPE1-4	in Libya 's Benghazi	in Benghazi
EQUI-5	Car bomb	Car Bomb
EQUI-5	at Swedish consulate	Swedish Consulate
SIMI-3	will yield	Spur
EQUI-5	Iran nuclear talks	Iran Nuclear Talks
REL-2	roadmap	High Hopes
SPE2-4	hopes	High Hopes
EQUI-5	third nuclear test	Third Nuclear Test
SIMI_FACT-3	conducts	Confirms
EQUI-5	North Korea	North Korea
EQUI-5	Hits	hits
EQUI-5	in 2012	in 2012
EQUI-5	Record $ 38 bn	record US$ 38b
EQUI-5	Macau Gambling Revenue	Macau gambling revenue
SPE1-3	NM County	Some county officials
SIMI-4	Prepares	pave the way
SPE1-3	for Same-Sex Marriages Hearing	for same-sex marriage
EQUI-5	2020 Olympic Games	2020 Olympics
EQUI-5	Tokyo	Tokyo
EQUI-5	to host	to host
SPE2-4	Indian police	Mumbai police
SIMI-3	round up	arrest
SPE1-4	all five suspects	fifth suspect
EQUI-5	in Mumbai rape case	in gang-rape case
EQUI-5	Syria	about Syria
EQUI-5	on chemical weapons	's chemical weapons
SPE2-3	US	U.S. concerns
OPPO-4	strengthens	weakens
SIMI-4	to 6.2689	to 6.2816
EQUI-5	against USD	against USD
EQUI-5	China yuan	Chinese yuan
EQUI-5	Egypt	Egyptians
EQUI-5	votes	Vote
EQUI-5	in new constitution	On New Constitution
EQUI-5	in Benghazi	in Benghazi
SPE2-2	kills wounds	hits
EQUI-5	Car bomb	Car bomb
EQUI-5	on Timbuktu	to Timbuktu
EQUI-5	French-led troops	French-led troops
SPE1-3	work	access
EQUI-5	at joint industrial zone	to joint industrial zone
SIMI-3	to halt	blocks
EQUI-5	N Korea	North Korea
EQUI-5	vote	vote
SIMI-3	on divisive constitution	on constitution change
EQUI-5	Egyptians	Egyptians
SPE2-3	final big immigration decisions	final big decisions in shaping immigration bill
EQUI-5	nears	nearing
SPE2-3	Committee	Senate Judiciary Committee
SPE1-4	for Boston bomb victims	for Boston victims
EQUI-5	observes	observes
EQUI-5	London Marathon	London Marathon
EQUI-5	silence	silence
EQUI-5	40	40
EQUI-5	in Canada train disaster	in Canadian train wreck
EQUI-5	missing	missing
EQUI-5	for major boost	for major boost
EQUI-5	in Syrian aid	in Syrian aid
SPE2-4	UN presses	UN chief presses
EQUI-5	may delay	to delay
EQUI-5	controversial rocket launch	controversial rocket launch
EQUI-5	N Korea	N. Korea
EQUI-5	Obama administration	Obama administration
EQUI-5	rocks	rocks
SIMI-3	Critical Gates memoir	Gates blast
SPE2-4	to hacking charges	at phone hacking hearing
EQUI-5	not guilty	not guilty
EQUI-5	pleads	pleads
EQUI-5	Brooks	Brooks
EQUI-5	is working	work
REL-2	declares	pledges
EQUI-5	Obama	Obama
SPE2-4	health care law	new health care law
EQUI-5	Thousands	Thousands
EQUI-5	protest	protest
EQUI-5	gay marriage	gay marriage
EQUI-5	more ministries	more ministries
SPE1-4	Thai political protests	Thai protesters
SIMI-4	paralyse	besiege
EQUI-5	in talks	in talks
EQUI-5	Exclusive-UPDATE	EXCLUSIVE-UPDATE
EQUI-5	2-Egypt pro-Mursi alliance signals flexibility	1-Egypt pro-Mursi alliance signals flexibility
SPE2-4	Deaths	at least one dead
EQUI-5	into Scottish pub	into pub
EQUI-5	after helicopter	after helicopter
SIMI-4	confirmed	say
EQUI-5	crashes	crashes
SIMI-3	stage	escape
EQUI-5	Pakistan jailbreak	Taliban prison break
SPE2-4	Militants	250 militants
SIMI-3	brings to a halt	wallops
EQUI-5	US northeast	US Northeast
EQUI-5	Blizzard	Blizzard
EQUI-5	survives	survives
EQUI-5	bomb	bomb attack
EQUI-5	Egypt interior minister	Egypt 's interior minister
EQUI-5	's security restrictions	's security decree
EQUI-5	Putin	Putin
EQUI-5	Critics	of critics
EQUI-5	Egypt army	Egypt 's military
SPE2-4	on Brotherhood	on Muslim Brotherhood
EQUI-5	cracks down	cracks down
EQUI-5	braces	braces
EQUI-5	Egypt	Egypt
EQUI-5	for more protests	for more protests
EQUI-5	prays	prays
EQUI-5	for calm	for calm
EQUI-5	disrupts	disrupted
EQUI-5	between Raffles Place , Marina Bay	between Raffles Place and Marina Bay
EQUI-5	train service	Train service
EQUI-5	sworn in	sworn in
SPE1-4	Defiant Mugabe	Mugabe
SPE1-4	for seventh term	for another term
EQUI-5	to Oprah	in Oprah interview
EQUI-5	confesses	confesses
EQUI-5	Lance Armstrong	Lance Armstrong
SIMI-4	all	to doping
SPE2-4	after wild party	after alleged embassy orgy
EQUI-5	Honduran ambassador	Honduras ambassador
SIMI-2	sacked	resigns
SPE2-3	on upbeat US economic data	by positive US , China data
SIMI-4	gain	lifted
EQUI-5	Asian markets	Asian markets
SPE1-4	landmark nuclear deal	nuclear deal
EQUI-5	Iran	Iran
SPE1-4	sign	agree
SPE1-4	six global powers	world powers
SPE1-4	in air strike in central Syria	in Syrian air strike
EQUI-5	killed	killed
EQUI-5	Dozens	Dozens
EQUI-5	on bakery	on bakery
EQUI-5	Mandela ` Inspiration '	Mandela 's inspiration effect
EQUI-5	Obama	Obama
EQUI-5	Praises	hails
EQUI-5	of US debt deal	of U.S. debt deal
EQUI-5	on hopes	on hopes
EQUI-5	Asian markets	Asian stocks
EQUI-5	hit	hit
EQUI-5	3-wk high	three-week highs
SPE1-4	on Syrian border	near Syrian border
EQUI-5	Patriot missile battery	Patriot missile batteries
REL-2	NATO	Obama
SIMI-2	Guinea	Equatoguineans
EQUI-5	votes	vote
SPE1-4	in long-delayed legislative poll	in legislative polls
EQUI-5	Egypt Army	Egypt
EQUI-5	on Sinai Militants	against Sinai militants
SPE1-4	New Air Raids	new assault
EQUI-5	Launches	launches
SIMI-4	killed	die
EQUI-5	Thai protesters	Thai protesters
REL-4	vote	polling stations
EQUI-5	obstruct	block
SPE1-4	North Korea 's third test	North Korea nuclear test
REL-3	Nelson Mandela memorial service	Nelson Mandela dies
EQUI-5	killed	killed
SIMI-2	37	12
SPE1-4	in bus crash	in bus accident
SIMI-2	in Italy	in Pakistan
EQUI-5	Syrian opposition	Syrian opposition
REL-4	Delhi Gang Rape Suspect	Delhi gang-rape verdict
SIMI-3	Most powerful typhoon	Typhoon Utor
EQUI-5	the Philippines	Philippines
EQUI-5	hits	Hits
SIMI-3	for more Egypt protests	from Egypt protests
SIMI-2	One dead	6 dead
SIMI-2	11 hurt	33 hurt
EQUI-5	Suicide Bomber	Suicide Bomber
SIMI-4	14	11
SPE1-4	at Afghan Province Council	in Afghanistan
EQUI-5	Kills	Kills
EQUI-5	of manslaughter	of murder
EQUI-5	on suspicion	on suspicion
EQUI-5	arrested	arrested
OPPO-4	soar	slump
EQUI-5	Stocks	Stocks
SPE1-3	on Wall St lead	on Wall Street
EQUI-5	killed	killed
SIMI-2	17	2
SIMI-2	in northern Iraq	in northern Lebanon
EQUI-5	wounded	wounded
SPE1-3	in bomb attacks	in clashes
SIMI-1	133	6
EQUI-5	's death	's death
EQUI-5	over nurse	over nurse
SIMI-4	South Africans	South Africa
EQUI-5	ailing Mandela	's former PM Nelson Mandela
EQUI-5	The Note	The Note
EQUI-5	's Must-Reads	's Must-Reads
EQUI-5	for Friday	for Friday
SIMI-2	December 6 , 2013	July 12 , 2013
REL-3	to Central African Republic	in Central African capital
SIMI-2	Greece	Japan
SIMI-3	6.0-magnitude quake	5.0-magnitude quake
EQUI-5	hits	jolts
EQUI-5	North Korea Nuclear Test	North Korea nuclear test
SPE2-3	Credibility	world credibility
SIMI-3	on the line	on line
EQUI-5	weakens	weakens
SIMI-3	against USD Thursday	against USD Tuesday
EQUI-5	China 's yuan	China yuan
SIMI-4	to 6.2767	to 6.1818
EQUI-5	kills	Kill
SIMI-2	policeman	3 Soldiers
EQUI-5	in Pakistan	in Pakistan
SIMI-4	Suicide bomber	Suicide Bombers
EQUI-5	to be sentenced	Sentenced
SIMI-3	for terror convictions	for Corruption
SIMI-3	in early trading	in choppy trading
SIMI-2	rise	ease
SPE2-4	Stocks	US stocks
SIMI-2	UK police	China police
SPE1-3	to helicopter crash	over crash
EQUI-5	killed	killed
SIMI-2	41	15
EQUI-5	wounded	wounded
EQUI-5	in Iraq	in Iraq
SIMI-2	22	90
SIMI-4	in violent attacks	in fresh attacks
EQUI-5	Kerry	Kerry
SIMI-3	Jordan	to Israel
REL-2	on agenda	postpones
EQUI-5	to visit	visit
EQUI-5	for Obamacare	for Obamacare
EQUI-5	signs up	to sign up
EQUI-5	over Benghazi	after Benghazi
REL-2	faulted	resigns
SPE1-3	US State Department	State Dept security chief
SIMI-2	Syria	Libya
EQUI-5	in Sinai	in Sinai
EQUI-5	Egypt Military	Egypt military
EQUI-5	Kill	kill
EQUI-5	Hit	hit
EQUI-5	Suicide Bombs	Suicide bombs
SIMI-4	6	4
SIMI-3	killed	injured
SPE1-4	Four Morsi supporters	as Morsi supporters
SPE1-4	in Egypt clashes	clash
SPE2-3	from case	on attempted murder charges
EQUI-5	Pistorius officer	Pistorius officer
SIMI-3	in drone strike	in bloodshed
EQUI-5	killed	's killing
REL-4	Pakistani Taliban chief Hakimullah Mehsud	Pakistan Taliban
EQUI-5	Pakistani Taliban chief Hakimullah Mehsud	Hakimullah
EQUI-5	suspect	suspect
EQUI-5	was captured	captured
EQUI-5	evacuation	evacuation
SPE2-4	of another city	of homes , university
EQUI-5	forces	forces
SIMI-2	Flooding in Canada	California wildfire
SIMI-1	in Nigeria police attack	in Kenya bus attack
EQUI-5	Death toll	Death toll
SIMI-2	to 30	to six
EQUI-5	rises	rises
REL-3	Australia	Australian PM
EQUI-5	Iran	Iran
REL-2	in nuclear talks	`` peaceful '' nuclear program
SIMI-1	's Darfur	in Abyei clash
SPE1-3	Seven peacekeepers	Peacekeeper
EQUI-5	killed	killed
SIMI-2	voices	confirms
EQUI-5	on Syria	at Syria
SPE2-4	over Israeli strikes	second air strike
SIMI-2	at Brotherhood protesters	At Gang Rape Protesters
EQUI-5	tear gas	Tear Gas
EQUI-5	fire	Fired
SIMI-4	US Senate	House
EQUI-5	to vote	vote
EQUI-5	on fiscal cliff deal	on fiscal cliff deal
EQUI-5	in Colorado avalanche	in Colorado avalanche
EQUI-5	buried	killed
SPE2-4	5 people	5 snowboarders
SIMI-2	`` political '' changes	proposed cuts
SPE1-4	to US defense budget	in defense spending
EQUI-5	Hagel	Hagel
EQUI-5	new election law	new election law
EQUI-5	approve	approves
SPE2-4	Afghan legislators	Afghan president
EQUI-5	die	die
SPE1-4	Myanmar mosque fire	at mosque
EQUI-5	13 children	13 children
SPE2-4	in fire	in electrical fire
SIMI-4	Birth Control	Contraceptive pill
EQUI-5	With Higher Glaucoma Risk	glaucoma risk
SPE2-4	Linked	doubles
SPE2-4	health problem	stroke
EQUI-5	in hospital	in hospital
SIMI-4	due to	after suffering
EQUI-5	Iraqi president	Iraqi president
EQUI-5	in Beirut	in Beirut
EQUI-5	Near the Iranian Embassy	near Iranian embassy
SPE2-4	Explosions	Two blasts
SPE2-4	carry-on liquids , gels	carry-on liquids
EQUI-5	to Russia	to Russia
SPE2-4	on flights	on direct flights
EQUI-5	bans	bans
EQUI-5	U.S.	US
SIMI-4	Nato troops	NATO strike
EQUI-5	kill	kills
SIMI-3	two Afghan children	11 Afghan children
SIMI-4	makes landfall	slams
SIMI-3	in east China	into southeastern China
EQUI-5	Typhoon Fitow	Typhoon Fitow
EQUI-5	not guilty plea	Not guilty plea
EQUI-5	for James Holmes	for James Holmes
SPE1-3	to Alaska airport runway	to airport
EQUI-5	drivers	drivers
EQUI-5	Apple app	Apple app
EQUI-5	directs	sends
SPE2-4	family reunions	war-torn family unions
EQUI-5	postpones	postpones
EQUI-5	N Korea	North Korea
EQUI-5	of fiscal impasse	Amid Fiscal Impasse
EQUI-5	US Senate	US Senate
SPE2-4	's nuclear deal	breakthrough nuclear deal
EQUI-5	Iran	Iran
EQUI-5	Iran	Iran
SPE2-4	drone	U.S. drone
EQUI-5	losing one	it
EQUI-5	U.S.	U.S.
EQUI-5	denies	says 's not true
EQUI-5	says	says
EQUI-5	it	it
EQUI-5	captures	has seized
SPE1-4	from Libya 's al-Kweifiya prison	from Libyan jail
EQUI-5	escape	escape
SPE2-4	More than 1,000 inmates	1000 prisoners
SPE1-4	in Cairo clash	in Egypt clashes
EQUI-5	dies	die
SPE1-4	Muslim Brotherhood supporter	Muslim Brotherhood supporters
SIMI-4	Thirty-Seven Dead	Thirty Dead
EQUI-5	In Italy Tour Bus Plunge	In Italian Bus Plunge
EQUI-5	lower	lower
EQUI-5	end	close
EQUI-5	Thursday	on Thursday
EQUI-5	China stocks	China stocks
EQUI-5	nuclear deal	nuclear deal
EQUI-5	Iran leader Rouhani	Iran President Hassan Rouhani
SPE1-4	within three months	in months
EQUI-5	holds	holds
EQUI-5	Maldives	Maldives
EQUI-5	fresh election for president	fresh presidential election
EQUI-5	Israel	Israel
SIMI-3	1500 settler homes	1,800 more settler homes
SIMI-4	green-lights	unveils
EQUI-5	five accused	All five accused
EQUI-5	arrested	arrested
SPE1-4	Mumbai photojournalist gangrape case	Mumbai journalist gang-rape case
EQUI-5	faces questions	questioned
EQUI-5	Driver	Train driver
EQUI-5	from judge	by judge
EQUI-5	in Spanish train crash	in Spain crash
EQUI-5	Israel	Israel
SIMI-3	in Gaza	near Damascus
SIMI-4	airstrike	air strikes
EQUI-5	launches	launches
EQUI-5	to fold	to fold
EQUI-5	Trailblazing Israeli electric car company	Trailblazing Israeli electric car company
EQUI-5	for marriage	to get married
SPE1-4	conditional bail	bail
EQUI-5	Ankeet Chavan	Ankeet Chavan
EQUI-5	granted	granted
SPE2-4	in Spanish train crash	in Spanish high-speed train crash
SPE1-3	Up to 50 dead	Over 70 dead
EQUI-5	dies	dies
SPE2-4	Former spokesman for U.S. President Ronald Reagan	Former Reagan spokesman Larry Speakes
EQUI-5	lower	lower
REL-4	US stocks	on Wall Street
EQUI-5	Weak earnings	Weak earnings
EQUI-5	drag	drag
EQUI-5	US stocks	stocks
EQUI-5	after helicopter crashes into pub	after helicopter pub crash
EQUI-5	Three feared dead	Three feared dead
EQUI-5	Israel	Israel
EQUI-5	's Peres	's Peres
SPE1-4	urges	calls
EQUI-5	to peace talks	to peace talks
EQUI-5	return	for return
EQUI-5	US	US
EQUI-5	against Syria	against Syria
SIMI-3	readies	makes case
SPE1-3	possible solo action	for action
EQUI-5	found	found
SPE2-4	25 bodies	25 more bodies
SPE1-4	at raided Algerian gas plant	at Algerian gas plant
EQUI-5	Pope Benedict XVI	Pope Benedict XVI
REL-4	Says Goodbye	departs
REL-4	to Cardinals	Vatican
EQUI-5	the East Coast	East Coast
SIMI-3	zipping up	to slide up
EQUI-5	Tropical Storm Andrea	Tropical Storm Andrea
EQUI-5	Israel	Israel
SPE1-4	900 settlement homes	for new settler homes
EQUI-5	plan	plans
EQUI-5	Websites	Websites
EQUI-5	anonymity	anonymity
EQUI-5	battle	fight
EQUI-5	nasty comments	nasty comments
EQUI-5	on fire	on fire
EQUI-5	sets	sets
SPE2-4	on the National Mall	at Washington 's National Mall
EQUI-5	himself	himself
EQUI-5	Man	Man
REL-3	after shots	after reports of shots
EQUI-5	fired	fired
EQUI-5	on lockdown	on lockdown
EQUI-5	US Capitol Hill	US Capitol
EQUI-5	upholds	upholds
EQUI-5	death penalties	death sentences
EQUI-5	for Mekong murderers	for Mekong murderers
SPE1-4	Chinese court	Court
EQUI-5	Israeli forces	Israeli Forces
SPE2-4	in West Bank	across West Bank
EQUI-5	5 Palestinians	Five Palestinians
EQUI-5	detain	Arrest
EQUI-5	in German elections	in Germany Election
EQUI-5	wins	Wins
EQUI-5	Angela Merkel	Merkel
EQUI-5	at Russian train station	at Russian train station
SIMI-4	15	14
EQUI-5	killed	kills
EQUI-5	in suicide bombing	Suicide bomber
SIMI-4	election	in poll bid
SPE1-4	Cambodian opposition leader Sam Rainsy	Cambodia opposition head
SIMI-4	returns	turns
EQUI-5	calls	calls
EQUI-5	Biden	Biden
EQUI-5	for trust	for trust
EQUI-5	call	call
SIMI-4	in protest	Turkey unrest
SPE1-4	2 Turkish unions	Unions
EQUI-5	for strike	for strike
SPE1-4	over police violence	over police crackdown
EQUI-5	hospitalized	Hospitalized
EQUI-5	South African icon Nelson Mandela	South Africa 's Nelson Mandela
EQUI-5	settles	settles
EQUI-5	US mortgage lawsuit	US mortgage lawsuit
EQUI-5	UBS	UBS
SPE2-3	to talks	rare talks
EQUI-5	North , South Korea	North , South Korea
EQUI-5	gun control plans	gun control plans
EQUI-5	Obama	Obama
EQUI-5	to announce	to set out
SPE1-2	Six Australians	Dozens
EQUI-5	killed	killed
EQUI-5	in Laos plane crash	in Laos plane crash
SPE1-4	confirms	finds
SPE2-4	in Syria attack	in Syria chemical weapons attack
EQUI-5	used	used
EQUI-5	sarin	sarin
EQUI-5	UN	U.N.
EQUI-5	$ 53m	$ 53 million worth
EQUI-5	of jewels	of jewels
EQUI-5	Cannes thief	Robber in Cannes
EQUI-5	steals	steals
EQUI-5	charged	charged
EQUI-5	with corruption	with corruption
SPE1-4	Ex-Virginia governor Bob McDonnell	Virginia 's ex-Gov . Bob McDonnell , wife
REL-3	most senior Afghan Taliban prisoner	senior Taliban commander
EQUI-5	Pakistan	Pakistan
EQUI-5	to release	to release
EQUI-5	bites	bites
EQUI-5	costs	costs
EQUI-5	as rupee collapse	as rupee crisis
EQUI-5	Bollywood	Bollywood
EQUI-5	cuts	cuts
SPE1-4	Tornadoes	Tornadoes , damaging storms
EQUI-5	killing	killing
SIMI-4	6	5
EQUI-5	rip	hit
SPE2-4	through Midwest	U.S. Midwest
EQUI-5	rejects	rejects
EQUI-5	China 's new PM	China Premier Li
SPE2-3	US hacking claims	` groundless ' US hacking accusations
EQUI-5	New Zealand	New Zealand
EQUI-5	to legalise	to legalise
SIMI-3	set	votes
EQUI-5	gay marriage	same-sex marriage
EQUI-5	amid killings	Amid Killings
EQUI-5	bans	Bans
EQUI-5	martial arts clubs	Martial Arts Schools
EQUI-5	East Timor	East Timor
EQUI-5	at Boston Marathon	of Boston Marathon
SPE2-4	loud booms	two explosions
EQUI-5	Kenya Supreme Court	Kenya SC
EQUI-5	upholds	upholds
EQUI-5	election result	election result
EQUI-5	10 Things	10 Things
SPE2-3	for Wednesday	for Today
EQUI-5	to Know	to Know
EQUI-5	Venezuela 's Hugo Chavez	Venezuelan President Hugo Chavez
EQUI-5	dies	dies
EQUI-5	of cancer	of cancer
EQUI-5	US Senate	US Senate
EQUI-5	confirms	Confirms
EQUI-5	Yellen	Janet Yellen
SIMI-3	as Fed 's next chair	as New Central Bank Chief
SPE1-4	in India anti-rape protests	in gang-rape protest
EQUI-5	injured	injured
EQUI-5	dies	dies
SPE2-4	Officer	Indian policeman
EQUI-5	Chemical Weapons Use	of Chemical Arms Use
EQUI-5	in Syria	by Syria
SIMI-4	Can not ` Conclusively Determine '	Sees No Conclusive Evidence
EQUI-5	US	U.S.
EQUI-5	dies	dies
EQUI-5	Nobel Prize winning author Doris Lessing	Nobel laureate Doris Lessing
SPE2-4	Senate	US Senate
SPE2-4	as Fed head	as Fed 's next chair
EQUI-5	confirms	confirms
EQUI-5	Yellen	Yellen
SPE2-4	in Virginia	in Virginia cemetery
EQUI-5	Boston bombing suspect	Boston bomb suspect
EQUI-5	buried	buried
SPE1-4	Internet , phone service	Internet service
SPE1-3	in Syrian capital	in Syria
EQUI-5	restored	resumes
EQUI-5	Bomb Attack	bomb attack
EQUI-5	Syrian PM	Syrian PM
EQUI-5	Survives	survives
SPE2-3	prays	in prayer and song
EQUI-5	for Nelson Mandela	for Nelson Mandela
EQUI-5	South Africa	South Africa
EQUI-5	die	killed
SPE2-4	in clashes	in Egypt clashes
SPE1-4	At least 38 Morsi supporters	Dozens of Morsi supporters
SIMI-3	on iPhone disappointment	after earnings disappointment
EQUI-5	Apple shares	Apple stock
EQUI-5	Egypt	Egypt
SPE1-4	to lure Gulf investors	to lure investors
SIMI-3	set	seeks
EQUI-5	Crowned	is crowned
SPE1-4	Miss America 2013	Miss America
EQUI-5	Miss New York	Miss New York
EQUI-5	mixed	mixed
EQUI-5	at mid-day	at mid-day
REL-3	KLCI Futures	KL shares
SPE2-4	Iranian exiles	At least 47 Iranian exiles
EQUI_FACT-5	report deaths	killed
SPE2-4	in Iraq camp	at Iraq 's Camp Ashraf
EQUI-5	Helicopter	Helicopter
EQUI-5	in London	in London
EQUI-5	crashes	crashes
EQUI-5	China	China
SIMI-3	flew into	defy
SPE2-3	Japanese planes	Japan , S Korean military planes
EQUI-5	's new defense zone	's new defense zone
EQUI-5	Janet Yellen	Janet Yellen
SPE1-4	US Senate	Senate
EQUI-5	confirms	confirms
SPE2-4	as US Federal Reserve chief	as next Federal Reserve Chair
EQUI-5	northern Europe	north . Europe
SPE1-4	as Storm Xaver	as wind , rain
EQUI-5	batters	batters
EQUI-5	rises	rises
EQUI-5	Death toll	Storm death toll
SPE2-3	airline pilots	2 Turkish Airlines pilots
EQUI-5	in Lebanon	in Lebanon
EQUI-5	kidnap	kidnap
EQUI-5	Gunmen	Gunmen
EQUI-5	kills	kills
SPE1-4	5	up to six
SIMI-2	U.S. drone strike	Pakistan drone strike
EQUI-5	push	pushes
EQUI-5	Syrian troops	Syrian army
SPE1-4	into strategic rebelheld town	on rebel-held town
EQUI-5	Bangkok shutdown	Bangkok ` shutdown '
SPE1-4	Thai opposition protesters	Thai protesters
EQUI-5	begin	launch
EQUI-5	Hails	Welcomes
EQUI-5	France	France
EQUI-5	after U.S.-Russia Deal	US-Russia Deal
SPE1-4	on Syria Weapons	on Syria
EQUI-5	Crushed to Death	dead
EQUI-5	in Ivory Coast Stampede	in Ivory Coast stampede
SPE2-4	About 60	61
SPE1-4	against student gunman	against student
EQUI-5	Discipline	Discipline
EQUI-5	thought	thought
EQUI-5	Clinton	Clinton
EQUI-5	to testify	to testify
EQUI-5	on Benghazi attack	on Benghazi attack
SPE1-4	's custom-made wheelchair	's wheelchair
SPE1-4	English Channel swimmer	Channel swimmer
EQUI-5	snatch	steal
EQUI-5	Thieves	Thieves
EQUI-5	Kurdish rebels	Kurdish rebels
EQUI-5	from Turkey	from Turkey
EQUI-5	to withdraw	to withdraw
SPE1-4	Iranian president	Iranian minister
SIMI-3	for new nuclear talks	for failed nuke talks
REL-3	Mandela	Mandela movie
EQUI-5	pays tribute	pay tribute
EQUI-5	to Nelson Mandela	to Mandela
SIMI-3	Queen	US presidents
SIMI-3	11	seven
EQUI-5	Iraq violence	Iraq violence
EQUI-5	kills	kills
REL-1	US , UK chemical arms claims	US
EQUI-5	Syria	Syria
REL-2	US , UK chemical arms claims	chemical weapons
EQUI-5	at reporters ' dinner	during press dinner
EQUI-5	jokes	pokes fun at
EQUI-5	Obama	Obama
SIMI-4	21	20
EQUI-5	kill	kill
SIMI-2	in Niger	near Syrian border
SIMI-3	in suicide attacks	Car bombs
REL-3	at Iran 's nuclear plant	into Iran nuclear deal
REL-2	in Pakistan	Pakistani police
SIMI-2	for March 11	for January 14
EQUI-5	News summary	News summary
SIMI-3	among 14 killed	Six dead
EQUI-5	Indonesia	Indonesia
EQUI-5	by Indonesia volcano eruption	in Indonesian volcanic eruption
EQUI-5	passes	passes
SIMI-2	Hawaii	US Senate
SIMI-4	gay marriage bill	gay workers bill
SPE1-4	0.4 % higher	higher
SIMI-2	Singapore stocks	Indian stocks
OPPO-4	close	open
EQUI-5	the Papers	the Papers
SIMI-3	Mar. 12 , 2013	June 25 , 2013
EQUI-5	Say	Say
EQUI-5	What	What
EQUI-5	Singapore stocks	Singapore stocks
SPE2-3	0.11 pct	0.54 pct higher
EQUI-5	end up	close
SIMI-4	Pakistani girls	Pakistani girl
EQUI-5	' girlfriend Reeva Steenkamp	Steenkamp
EQUI-5	of Oscar Pistorius	Oscar Pistorius
EQUI-5	over Syria	for Syria
EQUI-5	's chemical weapons	's chemical weapons
REL-3	Egypt	Egypt army
EQUI-5	rescued	rescued
SPE2-3	off Waterford , Dublin coasts	in Dublin Bay
SIMI-3	Ten	Six
REL-2	Senior Pakistani Taliban commander	Pakistan Shi'ites
EQUI-5	rises	rises
SIMI-3	from west Chinas violence	from NE China fire
SIMI-2	to 35	to 112
EQUI-5	Death toll	Death toll
REL-2	South Korean soldiers	to South
EQUI-5	into North	North Korea
EQUI-5	meets	to meet
EQUI-5	Mandela family	Mandela family
EQUI-5	in hospital	hospital
EQUI-5	Obama	Obamas
OPPO-4	down	up
EQUI-5	dollar	dollar
SIMI-3	8 paise	22 paise
EQUI-5	Rupee	Rupee
EQUI-5	in early trade	in early trade
EQUI-5	vs	against
OPPO-4	open	close
EQUI-5	Indian stocks	Indian stocks
EQUI-5	lower	lower
EQUI-5	as Bangladesh building toll	as Bangladesh building toll
EQUI-5	arrested	arrested
SIMI-3	to 352	372
EQUI-5	rises	reaches
SPE2-2	Four	Owner
REL-3	Pakistani soldier	Pakistani military post
SPE1-3	kill	raid
EQUI-5	Indian troops	Indian troops
EQUI-5	Brazilian leader	Brazil leader
REL-1	crisis talks	reform vote
REL-3	US	US House
EQUI-5	in attacks	in attacks
EQUI-5	in Iraq	across Iraq
EQUI-5	killed	killed
SIMI-2	7	27
EQUI-5	injured	injured
SIMI-2	25	12
EQUI-5	in NW Pakistan	in NW Pakista
SIMI-2	12	6
SPE1-4	in bomb blast	in blast
EQUI-5	killed	killed
SIMI-2	Turkish police	British police
REL-3	Syria opposition vote	Syrian opposition
SPE1-4	peace talks	for talks
EQUI-5	kills	kills
SIMI-2	Syria car bomb	Sinai car bomb
SPE2-2	at least 12	at least 10 Egyptian soldiers
EQUI-5	hits	rises
SIMI-2	359	to 72
SPE1-4	Bangladesh building collapse death toll	Indian building collapse death toll
SIMI-3	in Afghanistan	in NW Pakistan
EQUI-5	killed	killed
SIMI-3	in `` insider '' attack	in bomb attack
SPE1-2	Two U.S. soldiers	8 soldiers
EQUI-5	Blast	Blast
EQUI-5	kills	kills
SPE1-3	10 young girls	nine
SIMI-3	in eastern Afghanistan	in southern Afghanistan
EQUI-5	at sea	at sea
SIMI-3	could end up	to destroy
SPE2-4	Syria 's chemical weapons	Syria chemical weapon stockpile
EQUI-5	in Pakistan	in Pakistan
EQUI-5	Gunmen	Gunmen
EQUI-5	kill	kill
SPE2-3	female politician	5 female teachers
EQUI-5	Ready	ready
EQUI-5	surgery	surgery
EQUI-5	Nelson Mandela	Nelson Mandela
EQUI-5	undergoes	undergoes
EQUI-5	China	China
EQUI-5	Dzhokhar Tsarnaev	Dzhokhar Tsarnaev
SPE2-4	to Boston bombing charges	in Boston Marathon bombing
REL-3	pleads not guilty	charged
SPE1-4	P.G. police	Police
EQUI-5	seeking	seek
REL-3	Egyptian army	Egypt 's Morsi
EQUI-5	Saturday 27th April	Saturday 27th April
EQUI-5	Cryptic crossword	Quiz crossword
EQUI-5	of breast cancer	about breast cancer
SPE2-3	Angelina Jolie	Angelina Jolie and the complex truth
SIMI-4	from Israeli prison	in Israel jails
SPE2-3	26 Palestinian prisoners	Palestinian prisoner
SPE1-3	evacuation of 5,000	mop-up operations
EQUI-5	near Damascus	near Damascus
REL-3	Syria regime	Syria army
EQUI-5	killed	Killed
SIMI-3	Twelve	Five
SIMI-3	raid	in Blasts
EQUI-5	to Snowden	to Snowden
EQUI-5	asylum	asylum
EQUI-5	offer	would grant
SIMI-2	Nicaragua , Venezuela	Bolivia
SIMI-1	after Alabama school bus shooting	in middle school shooting
EQUI-5	injured	injured
SIMI-2	50	138
EQUI-5	killed	killed
SIMI-4	5	3
SIMI-2	in Pakistan blast	in Boston blasts
EQUI-5	to strengthen	to strengthen
EQUI-5	occupied Palestinian territory	occupied Palestinian territory
EQUI-5	Palestinians	Palestinians
EQUI-5	on peace talks	on peace talks
EQUI-5	coordinate	coordinated
REL-2	Palestinians , Jordan	PA
SPE1-3	5	at least ten
EQUI-5	in Pakistan	in Pakistan
EQUI-5	kills	kills
EQUI_FACT-4	Suspected U.S. drone strike	US drone strike
REL-3	to dispute	cop on
SPE2_FACT-3	murder charge	seven attempted murder charges
SPE1-4	` Blade Runner ' Pistorius	Pistorius
SPE2-3	president	Former New Mexico Gov. Richardson
REL-3	Mexico	Former New Mexico Gov. Richardson
EQUI-5	killed	killed
EQUI-5	in clashes	in clashes
SPE2-2	Four	Student
SPE2-2	across Egypt	at Cairo 's Islamic university
SPE2-3	Afghan police 5 Taliban fighters	5 Taliban , 5 Afghan police
EQUI-5	kill	killed
SIMI-3	of Its Chemical Weapons Stockpile	Chemical Weapons
REL-2	Mixed reactions	legalizes
EQUI-5	to NZ same-sex marriage	New Zealand same-sex marriage
SIMI-2	Somalia 's Shebab	Syrian rebels
EQUI-5	claims	claim
EQUI-5	responsibility	responsibility
EQUI-5	Glasgow Helicopter Crash	Glasgow Helicopter Crash
REL-3	Braces	issues red alert
EQUI-5	India	India
SPE2-4	for Massive Cyclone	for cyclone Phailin
EQUI-5	Many	Many
EQUI-5	killed	killed
EQUI-5	Singapore shares	Singapore shares
EQUI-5	open	open
SIMI-4	on Friday	on Thursday
OPPO-4	lower	higher
SIMI-2	11 Dead	kill 89
SPE1-4	Northwest China	in China
SIMI-4	Two Earthquakes	Twin quakes
EQUI-5	to pro-Morsi protests	after pro-Morsi protest
REL-3	Egypt ministry	Egypt
EQUI-5	Kenyan forces	Kenyan forces
EQUI-5	caused	caused
EQUI-5	mall collapse	mall collapse
SIMI-4	500	to 580
SPE2-4	passes	climbs
EQUI-5	death toll	death toll
EQUI-5	Bangladesh building disaster	Bangladesh building collapse
EQUI-5	South Africa	South Africa
REL-3	taken	remains
EQUI-5	's Mandela	Mandela
EQUI-5	to hospital	in hospital
EQUI-5	drag	drag
EQUI-5	stocks	stocks
EQUI-5	lower	lower
EQUI-5	Weak earnings	Weak earnings
EQUI-5	Liquid ammonia leak	Liquid ammonia leak
EQUI-5	in Shanghai	in Shanghai
SPE1-4	15	at least 15
EQUI-5	kills	kills
SPE2-4	amid new sexting scandal	latest online sex scandal
EQUI-5	Weiner	Weiner
EQUI-5	defects	defects
EQUI-5	Syria military police chief	Syria military police chief
SIMI-2	to opposition	to rebels
EQUI-5	in Belgian coach crash	in Belgian bus crash
EQUI-5	Five killed	among 5 dead
EQUI-5	Swiss tourist	Swiss tourist
EQUI-5	gang-raped	gang raped
EQUI-5	in India	in India
EQUI-5	strike	launches
EQUI-5	Israel planes	Israel airstrike
EQUI-5	inside Syria	into Syria
EQUI-5	to change	to changes
EQUI-5	at BoE	at Bank of England
EQUI-5	high bar	high bar
EQUI-5	Carney	Carney
EQUI-5	sets	sets
EQUI-5	kill	kill
EQUI-5	Gunmen	Gunmen
SPE1-4	in northern Pakistan	in Pakistan
SPE2-4	10 foreign tourists	11 foreign climbers
EQUI-5	Doctor Who	's Doctor Who
EQUI-5	Matt Smith	Matt Smith
EQUI-5	to leave	quits
EQUI-5	China Yuan	China yuan
SIMI-4	to 6.168	to 6.1696
SIMI-3	Monday	Thursday
EQUI-5	Strengthens	strengthens
EQUI-5	against USD	against USD
EQUI-5	Ex-first lady Barbara Bush	Former first lady Barbara Bush
EQUI-5	leaves	leaves
SPE1-4	Texas hospital	hospital
EQUI-5	11	Eleven
EQUI-5	killed	killed
EQUI-5	in Chinese police station attack	in China police station attack
EQUI-5	50	50
EQUI-5	killed	killed
EQUI-5	crashes	crashes
SPE2-4	in Russia	in Russian city of Kazan
EQUI-5	Boeing airliner	Boeing airliner
EQUI-5	as New York mayor	as New York mayor
EQUI-5	succeeding	succeeding
EQUI-5	De Blasio	Bill De Blasio
EQUI-5	sworn in	sworn in
EQUI-5	Bloomberg	Michael Bloomberg
EQUI-5	from jail	from jail
EQUI-5	Pussy Riot member Alyokhina	Pussy Riot member Maria Alyokhina
EQUI-5	released	freed
EQUI-5	at San Francisco airport	at San Francisco airport
EQUI-5	crash lands	crash lands
SPE1-4	Asiana jet	Plane
EQUI-5	California wildfire	California wildfire
EQUI-5	as firefighters	fire crews
SIMI-4	labor	making progress
EQUI-5	hospitalized	hospitalised
EQUI-5	Mandela	Mandela
EQUI-5	army headquarters	army headquarters
EQUI-5	break into	storm
EQUI-5	Thai protesters	Thai protesters
SPE1-4	Egypt 's main opposition	Egypt opposition
SPE1-3	rejects	mulls response
EQUI-5	president 's call for dialogue	to Morsi dialogue call
EQUI-5	6.8 %	6.8 %
EQUI-5	starts up	Starts Up
EQUI-5	Housing in May	May Housing
EQUI-5	assumes	to Take Over
EQUI-5	's Castro	's Castro
EQUI-5	Cuba	Cuba
EQUI-5	CELAC presidency	CELAC Presidency
EQUI-5	trapped	trapped
EQUI-5	in India building collapse	in India building collapse
SPE2-3	Dozens	20
EQUI-5	Cardinals	Cardinals
SPE2-4	Vatican	Sistine Chapel
EQUI-5	enter	enter
SPE1-4	for historic vote	to elect pope
EQUI-5	for speeding	for speeding
EQUI-5	Zimmerman	Zimmerman
EQUI-5	in Texas	in Texas
EQUI-5	stopped	pulled over
EQUI-5	with warning	given warning
EQUI-5	unveils	unveils
EQUI-5	to Pacific	to Pacific
EQUI-5	$ 30 billion oil link	$ 25bn oil link
EQUI-5	Russia	Russia
EQUI-5	hits	hits
SPE2-4	Pakistan	SW Pakistan
SIMI-4	7.2-magnitude quake	7.7-magnitude earthquake
SIMI-4	zips	passes
SPE1-3	between Earth and satellites	Earth in fly-by
EQUI-5	Asteroid	Asteroid
EQUI-5	Mugabe	Mugabe
EQUI-5	declared	declared
EQUI-5	of disputed elections	in disputed vote
EQUI-5	winner	winner
SPE2-4	Muslim Brotherhood	Muslim Brotherhood ` activities '
EQUI-5	bans	bans
EQUI-5	Egyptian court	Egypt court
EQUI-5	by the Spokesperson	by the spokesperson
EQUI-5	in Iraq	in Iraq
SIMI-4	on the latest spate	on the resumption
SPE2-4	of High Representative Catherine Ashton	of the EU High Representative , Catherine Ashton
SPE2-4	of attacks	of executions
EQUI-5	Statement	Statement
EQUI-5	agains NSA leaker	against Snowden over leaks
EQUI-5	files	files
EQUI-5	espionage charges	espionage charges
EQUI-5	U.S.	US
EQUI-5	Chinese general	Chinese general
EQUI-5	's son	's son
EQUI-5	gets	gets
EQUI-5	10 years jail	10 years ' jail
SPE2-4	for rape	for gang-rape
EQUI-5	Moderate earthquake	Moderate earthquake
EQUI-5	jolts	hits
SIMI-3	NW Pakistan	southern Pakistan
EQUI-5	on Morsi Supporters	on Mohamed Morsi supporters
EQUI-5	Backs	backs
EQUI-5	Iraq	Iraq
EQUI-5	Egypt Crackdown	Egypt crackdown
EQUI-5	Hrithik Roshan , wife Sussanne	Hrithik Roshan , Sussanne
EQUI-5	part ways	to divorce
SIMI-1	in Russia plane crash	in Italy coach crash
EQUI-5	rises	rises
EQUI-5	Death toll	Death toll
EQUI-5	Suicide bomber	Suicide bomber
SIMI-4	hits	strikes
SIMI-2	in Iraq	in Syria
SPE2-3	in Presidential Election	Mali Presidential Election
SPE2-4	in Pak	in NW Pakistan
EQUI-5	against US drone strikes	in U.S. drone strike
SIMI-4	Suicide bomber	Suicide bombers
EQUI-5	in Afghanistan	in Afghanistan
SPE1-4	kills	attack
EQUI-5	at US base	US base
SPE2-2	iPhone	iPhone 4 imports
REL-3	Apple revenue	for Samsung
EQUI-5	killed	killed
SIMI-3	23	10
SPE1-4	in Iraq car bombings	in Iraq bomb attack
EQUI-5	survives	survives
SIMI-2	Egypt minister	Syrian prime minister
EQUI-5	assassination attempt	assassination attempt
EQUI-5	's execution	executed
SIMI-4	over Jamaat leader	Bangladesh Islamist leader
REL-4	in Bangladesh clashes over Jamaat leader	Bangladesh Islamist leader
SIMI-3	540	1,000
SPE1-4	hits	passes
EQUI-5	Bangladesh building collapse death toll	Bangladesh building collapse death toll
SPE2-3	China	China and Taiwan
SPE1-3	to resume	hold
SPE1-2	US investment talks	historic talks
EQUI-5	kills	kills
SPE1-1	soldiers	16
SIMI-2	Yemen suicide bombing	Female suicide bomber
EQUI-5	fire	fire
EQUI-5	protesters	at protesters
SIMI-2	in Tunis	in Cairo
EQUI-5	tear gas	tear gas
EQUI-5	Police	Police
EQUI-5	Tokyo 2020 Olympic Games	in 2020 Tokyo Olympics
EQUI-5	Nelson Mandela	Nelson Mandela
OPPO-4	taken	released
OPPO-4	to hospital	from hospital
SPE2-4	of Abu Qatada	radical cleric Abu Qatada
EQUI-5	to deport	to deport
EQUI-5	Britain	Britain
SPE2-4	as Thais Protest	Thai protest day
SPE2-4	Shots , Explosions	Gunshots , explosions
EQUI-5	North Korea	North Korea
EQUI-5	in History	in History
EQUI-5	Today	Today
SIMI-3	April 23	Jan. 21
REL-2	of Talibanisation	About Israeli Airstrikes
EQUI-5	in Syria	in Syria
SPE2-2	Iran	Russia , China
SPE1-4	in Colo. home	in US home
SPE2-3	3 more dead	4 dead
EQUI-5	Police	after police
SPE1-3	kill	standoff
EQUI-5	gunman	with gunman
EQUI-5	Fight	to fight
REL-3	Islamist Tactics	northern Islamist militants
REL-3	for Mali Town	Mali army
REL-3	for Syrian Chemical Weapons Transport	Syria Chemical Weapons
EQUI-5	killed	killed
EQUI-5	wounded	wounded
EQUI-5	in Iraq	in Iraq
SIMI-3	2	15
SIMI-2	11	90
SPE2-4	in attacks	in fresh attacks
EQUI-5	for war crimes	on war crimes
SIMI-1	first lawmaker	British PM
REL-2	Police	Politicians
SPE1-2	in Belfast flag protests	in flag violence talks
OPPO-4	S. Korea	North Korea
EQUI-5	proposes	proposes
SPE1-2	` final ' N. Korea talks	high-level talks
EQUI-5	kill	Kill
REL-3	Pakistani	in Pakistan
EQUI-5	Gunmen	Gunmen
SIMI-4	9 foreign tourists	11 Foreign Tourists
EQUI-5	Palestinians	Palestinians
EQUI-5	in Bangladesh protest	in Bangladesh Protest
EQUI-5	die	Killed
SIMI-2	32	1
EQUI-5	amid protests	on protesters
EQUI-5	Google	Google
SPE2-4	on gay rights	gay marriage
EQUI-5	Syria	in Syria
SPE2-4	strikes	Air strikes
EQUI-5	The San Francisco plane crash	in San Francisco air crash
SIMI-2	X'mas cruise passengers	Missing cruise passenger
SIMI-3	Wednesday	Friday
EQUI-5	close	close
EQUI-5	Chinese shares	Chinese shares
OPPO-4	lower	higher
EQUI-5	Calif man	Calif. man
EQUI-5	not guilty	not guilty
SIMI-2	in girl kidnap case	in terrorism case
EQUI-5	pleads	pleads
SIMI-2	Dec. 4	Jan. 24
EQUI-5	close	close
OPPO-4	higher	lower
EQUI-5	China stock index futures	China stock index futures
SPE2-4	Palestinians	Two Palestinians
EQUI-5	in Gaza	on Gaza
SPE2-3	by Israeli fire	in an Israeli Air Strike
SPE2-3	hit	Killed
SIMI-2	in south China road accident	in Philippine road accident
SIMI-2	7	20
SIMI-2	3	44
EQUI-5	injured	injured
EQUI-5	killed	killed
SPE1-4	About Boston Marathon News	of Boston Marathon
SIMI-1	Books	Report
REL-3	killed	trapped
SIMI-2	Motorists	Cars
SIMI-4	after Japanese tunnel collapses	in tunnel collapse outside Tokyo
REL-3	Friends of Syria	Syria talks
EQUI-5	rebels	to rebels
SIMI-3	on arming	military aid
REL-3	talks	Syria talks
EQUI-5	clash with	clash with
EQUI-5	at Jantar Mantar	at Jantar Mantar
EQUI-5	police	police
SPE1-4	ABVP protesters	Protesters
EQUI-5	charged	charged
SPE1-4	with terrorism offences	with terrorism
SPE2-2	Two men	Saudi-born Nigerian
REL-3	mostly foreigners	Briton
EQUI-5	killed	among dead
EQUI-5	in Kabul suicide attack	in Kabul suicide attack
SPE2-1	Up to 21	Briton
SIMI-2	Tokyo shares	Singapore stocks
SIMI-2	0.88 pc	0.44 pct
EQUI-5	close	close
EQUI-5	lower	lower
SIMI-2	U. S	Philippines
EQUI-5	strikes	strikes
SIMI-3	4.1 magnitude quake	7.2 magnitude earthquake
REL-3	official	ministry
SIMI-3	35 militants	12 militants
EQUI-5	killed	killed
EQUI-5	in Afghan raids	in Afghan raids
EQUI-5	's Hugo Chavez	Hugo Chavez
REL-2	Venezuela	Venezuelan officials
EQUI-5	The Note	The Note
EQUI-5	's Must-Reads	's Must-Reads
SIMI-4	for Monday	for Tuesday
SIMI-3	November 25 , 2013	October 8 , 2013
SIMI-4	at political impasse	political crisis
EQUI-5	North	North Korea
EQUI-5	Fired	launches
SPE2-4	Missiles	short-range missiles
EQUI-5	in Afghanistan	in Afghanistan
SPE1-3	killed	attacks
SPE1-3	38 Taliban militants	Taliban
REL-2	economic traps	economic growth
REL-2	two Afghan kids	in Afghanistan
EQUI-5	kills	dies
REL-3	Nato airstrike	Nato solider
SIMI-3	pledges	support
EQUI-5	in Mali	in Mali
SIMI-4	France	Most French
SIMI-3	military aid	military operation
SPE2-3	in debt ceiling talks	to US debt ceiling deal
SPE1-3	Reid	Senate leaders
EQUI-5	jolts	jolts
SIMI-3	6.2 magnitude quake	4.3-magnitude earthquake
SIMI-2	Sarangani	SW China
REL-3	Obama	U.S.
EQUI-5	has been captured	captures
EQUI-5	US	US
EQUI-5	al-Qaeda leader	al-Qaeda leader
SPE1-3	Ukrainian Prime Minister Azarov and entire government	Ukrainian officials
EQUI-5	George Zimmerman	after Zimmerman
EQUI-5	found not guilty	acquitted
EQUI-5	of Trayvon Martin murder	of Trayvon Martin murder
EQUI-5	of shutdown	shutdown
REL-4	US government	Obama
REL-3	Obama economic tour	Obama
SIMI-1	France	Arab League
EQUI-5	on Syria	on Syria
EQUI-5	Welcomes	welcomes
EQUI-5	US-Russia Deal	US-Russian deal
EQUI-5	puts	puts
EQUI-5	Syria strike	Syria strike
EQUI-5	Obama	Obama
EQUI-5	on hold	on hold
SPE1-4	ailing Nadal	Rafa Nadal
EQUI-5	Australian Open	Australian Open
EQUI-5	to miss	to miss
EQUI-5	Egyptian court	Egypt court
EQUI-5	Mubarak	of Mubarak
EQUI-5	's release	release
SPE2-3	considers	orders
EQUI_FACT-5	to Marry	Plans To Get Married
EQUI-5	Van der Sloot	Joran Van Der Sloots
SPE2-4	in Prison	In Peru Prison
EQUI-5	to plead	to Plead
EQUI-5	Jesse Jackson Jr. and wife	Jesse Jackson Jr. , Wife
EQUI-5	guilty	Guilty
EQUI-5	to fraud	to Fraud
SPE1-4	BBC veteran Hall	Stuart Hall
EQUI-5	child sex abuse	Sex Assaults On Children
EQUI-5	admits	Admits
EQUI-5	to watch	to watch
SIMI-3	on Monday	on Thursday
EQUI-5	Stocks	Stocks
EQUI-5	at close	at close
EQUI-5	Queen Beatrix	Queen Beatrix
EQUI-5	to abdicate	abdicates
EQUI-5	for son	in favor of son
EQUI-5	of The Netherlands	of the Netherlands
EQUI-5	Philadelphia building	Philadelphia building
EQUI-5	collapses	collapses
SPE1-4	8-10 people	of people
SIMI_FACT-4	may be trapped	trapped
EQUI-5	sets off	set
REL-3	gun control debate	on gun control bill
EQUI-5	U.S. Senate	U.S. Senate
EQUI-5	immune system	human immunity
EQUI-5	Red grapes and blueberries	Red grapes , blueberries
EQUI-5	boost	boost
EQUI-5	Buys	to acquire
SPE1-3	Cloud-Based , Networked Firewall Specialist Stonesoft	firewall Stonesoft
EQUI-5	For $ 389M	for $ 389 million
SPE1-4	Intel 's McAfee	McAfee
EQUI_FACT-5	Alleged cop killer	Alleged cop killer
EQUI-5	from shot	from gunshot
EQUI-5	died	died
EQUI-5	Musharraf	Musharraf
EQUI-5	arrested	arrested
REL-2	in Lal Masjid case	in Pakistan
SPE1-4	test-fires	launches
EQUI-5	North Korea	North Korea
EQUI-5	short-range missiles	short-range missiles
EQUI-5	Indian stocks	Indian stocks
SIMI-3	flat	lower
EQUI-5	open	open
EQUI-5	talks	talks
SPE1-4	resume	begin
EQUI-5	Israelis , Palestinians	Israelis , Palestinians
EQUI-5	in UK crash	in British crash
EQUI-5	killed	killed
SPE1-4	Four U.S. Air Force helicopter crew members	US Air Force helicopter crew
SIMI-4	Australian senator	Australian lawmaker
EQUI-5	Malaysia	Malaysia
EQUI-5	at airport	at airport
EQUI-5	detains	detains
EQUI-5	as horse meat scandal	horsemeat scandal
EQUI-5	bombs	bombs
SPE1-4	at Great Barrier Reef	near Australia 's Great Barrier Reef
EQUI-5	dumps	jettisons
SPE2-4	U.S.	U.S. military
SIMI-4	in Texas wind farm	in Texas wind farm project
EQUI-5	Google	Google
EQUI-5	invests	invests
EQUI-5	$ 200 million	200 million USD
EQUI-5	Preston and England legend Tom Finney	Former England great Tom Finney
EQUI-5	dies	dies
EQUI-5	at 91	at 91
SIMI-4	Roadside bombs	Roadside bomb
EQUI-5	in Afghanistan	in Afghanistan
SPE2-3	5	3 policemen
EQUI-5	kill	kills
EQUI-5	in Pakistan	in Pakistan
EQUI-5	Kill	kill
EQUI-5	Gunmen	Gunmen
SPE2-4	11 Foreign Tourists	11 foreign climbers
EQUI-5	Demolition work	Demolition work
EQUI-5	begins	to begin
SPE1-4	on Don Valley Stadium	at stadium
EQUI-5	to step down	to step down
EQUI-5	Chairman	Chairman
SPE2-4	of easyJet	of British no-frills airline easyJet
EQUI-5	in Afghan Insider Attack	in Afghan ` insider attack '
SPE1-3	US Troops	NATO troops
EQUI-5	Killed	killed
SIMI-4	nets	hits
EQUI-5	Messi	Messi
SPE1-4	300th , 301st goals	300th Barcelona goal
SPE2-4	in Barcelona win	in comeback win
EQUI-5	shot dead	slain
SPE2-4	Tunisian opposition politician	Tunisia opposition leader
EQUI-5	Whistleblower Edward Snowden	NSA whistleblower Edward Snowden
EQUI-5	to Moscow	to Moscow
EQUI-5	flies	on flight
REL-4	in Afghanistan	in Afghan attack
EQUI-5	killed	killed
SIMI-4	Two NATO soldiers	NATO soldier
EQUI-5	$ 250 Million	$ 250 Million
EQUI-5	Washington Post	For The Washington Post
SIMI-4	Bets	Pays
EQUI-5	Jeff Bezos	Jeff Bezos
SPE2-4	Purge	Purge of Kim uncle
EQUI-5	sends	sends
EQUI-5	's elite	's elite
EQUI-5	to North Korea	to North Korea
EQUI-5	chilling message	chilling message
SPE1-3	of Christmas Day flooding	more flooding
SIMI-4	Heavy rain	Fresh rain
SPE2-3	raises threat	brings
EQUI-5	begin	start
EQUI-5	Iran nuke talks	Iran nuclear talks
EQUI-5	for $ 250 million	for $ 250-M
EQUI-5	's Bezos	's Bezos
EQUI-5	Amazon	Amazon
EQUI-5	to buy	buys
EQUI-5	the Washington Post	Washington Post
EQUI-5	to retire	Retires
EQUI-5	David Beckham	David Beckham
EQUI-5	Libya	Libya
SPE1-4	abruptly closes	closes
EQUI-5	its borders	borders
EQUI-5	hurt	hurt
EQUI-5	Meteorite	Meteorite
SPE2-3	more than 500 people	400
EQUI-5	central Russia	central Russia
EQUI-5	hits	hits
EQUI-5	killed	killed
SPE2-3	in fighting in northern Syria	in Syrian air strike
SPE1-3	123	Many
SIMI-4	Muslim Brotherhood assets	Muslim Brotherhood funds
EQUI-5	Egypt	Egypt
EQUI-5	freezes	freezes
SPE1-4	as new Australian PM	As Australia PM
EQUI-5	sworn in	Sworn In
EQUI-5	Tony Abbott	Tony Abbott
EQUI-5	meets	meets
SPE1-4	Venezuela assembly	Assembly
SPE1-4	amid Chavez health crisis	amid Chavez crisis
SIMI-3	protest	defiant
REL-3	in Egypt	in face of Egypt govt threat
EQUI-5	Morsi supporters	Morsi backers
EQUI-5	hits	hits
SPE1-4	fresh record high	fresh record
EQUI-5	Eurozone jobless	EU jobless
REL-3	Cash	on Cyprus banks
REL-3	Cypriots	on Cyprus banks
EQUI-5	of Banks	on Cyprus banks
REL-3	Try to Get	run
SPE1-3	Bailout Tax	Bailout terms
EQUI-5	knighthood	a knighthood
EQUI-5	deserves	deserves
EQUI-5	David Cameron	David Cameron
EQUI-5	Andy Murray	Andy Murray
EQUI-5	killed	dead
EQUI-5	Three Afghans	Three Afghans
SPE1-3	in suicide attack	in new blast
EQUI-5	Nelson Mandela	Mandela
EQUI-5	for Tests	for tests
EQUI-5	in Hospital	in hospital
EQUI-5	Vinnie Jones	Vinnie Jones
SPE2-4	cancer battle new	he has skin cancer
EQUI-5	reveals	reveals
EQUI-5	violate	violate
EQUI-5	Pakistan	Pakistan
SPE2-4	US drones	US drone strikes
EQUI-5	's sovereignty	's sovereignty
EQUI-5	UN	UN
SPE2-4	trader	rogue trader
EQUI-5	asked	asked
EQUI-5	with minister	with minister
EQUI-5	Oil firm	Oil firm
EQUI-5	about meeting	about meeting
EQUI-5	South Africa	South Africa
SIMI_FACT-4	Mistake	possible ` mistake '
REL-3	Over ` Schizophrenic ' Mandela Signer	at Mandela memorial
EQUI-5	Admits	admits
SIMI-3	Over ` Schizophrenic ' Mandela Signer	over deaf signer
EQUI-5	on third day	on third day
SPE1-4	US stocks	Stocks
SPE2-4	of shutdown	of government shutdown
EQUI-5	tumble	fall
SPE2-4	in Afghanistan attack	in Afghan ` insider attack '
EQUI-5	killed	killed
SPE1-3	NATO 3 troops	NATO troops
EQUI-5	to Attend	to attend
SPE2_POL-3	Syria Regime	Syria , opposition
EQUI-5	Agrees	agree
EQUI-5	Peace Conference	peace conference
EQUI-5	lands	lands
SPE2-4	as Boeing 777 jet crash	Asiana Air Boeing 777 crash
EQUI-5	at San Francisco airport	at San Francisco airport
EQUI-5	Delhi gang rape victim	Delhi gang rape victim
REL-2	dies	flown
EQUI-5	in Singapore hospital	to Singapore hospital
EQUI-5	to Review	to review
EQUI-5	Ban Ki-moon	Ban
EQUI-5	Syria Chemical Arms Accord	Syria chemical arms accord
REL-2	UN resolution	Germany
REL-3	Syria chemical arms	Syria chemical mission
SIMI-3	of terrorism charges	on non-terrorism charges
OPPO-4	acquitted	convicted
EQUI-5	NATO protesters	NATO protesters
EQUI-5	in Pakistan	Pakistan
SPE2-4	over Syria action	on Syria military action
SIMI-2	Obama	Cameron
EQUI-5	Syria opposition	Syria opposition
EQUI-5	talks	to talks
SIMI-4	Anti-government protesters	Ukraine protesters
REL-3	the streets of Kyiv	Lenin statue
SIMI-3	storm	topple
SIMI-2	three	seven
EQUI-5	US drone strike	US drone strike
SPE2-4	in northwest Pakistan	in North Waziristan
EQUI-5	kills	kills
SIMI-2	to 35 Years	for 10 years
REL-4	Sentenced	jailed
EQUI-5	kills	kills
SPE2-4	's south	's Volgograd
EQUI-5	in Russia	in Russia
SIMI-4	13	16
EQUI-5	Suicide bomber	Suicide bomber
EQUI-5	Bangladesh building collapse death toll	Bangladesh building-collapse toll
SIMI-3	540	600
SIMI-4	hits	tops
EQUI-5	Nelson Mandela	Nelson Mandela
SIMI-2	Oct. 14	March 12
OPPO-5	higher	lower
EQUI-5	Hushen 300 Index	Hushen 300 Index
EQUI-5	closes	closes
EQUI-5	for first time	for first time
SPE1-4	's long-ruling coalition	's ruling coalition
EQUI-5	Malaysia	Malaysia
REL-4	to power	majority
SIMI-4	hangs on	wins
EQUI-5	19 hurt	19 hurt
SPE2-4	in New Orleans shooting	in NOLA Mother 's Day shooting
EQUI-5	Malaysia	Malaysia
SPE1-4	May 5 as date	date
EQUI-5	sets	sets
SIMI-3	for closely contested election	for landmark elections
SPE1-4	from Calgary homes	From Canada Homes
EQUI-5	forces	Forces
EQUI-5	Floods	Flooding
EQUI-5	75,000	75,000
EQUI-5	Moscow vote	Moscow vote
SIMI-4	suggest	shows
EQUI-5	wins	wins
EQUI-5	Exit polls	Exit polls
EQUI-5	Putin ally	Putin ally
SPE2-4	Dhawan	Dhawan ton
SIMI-4	smashes	sets up
EQUI-5	over South Africa	over South Africa
EQUI-5	India to big win	India Trophy win
EQUI-5	kills	kills
SIMI-4	3 militants	4 militants
SPE1_FACT-4	Suspected US drone	U.S. drone
EQUI-5	in Pakistan	in Pakistan
REL-4	papacy	of Vatican
EQUI-5	with prayer	for Prayers
SPE2-4	Francis	Pope Francis
EQUI-5	's Sinai	's Sinai
EQUI-5	released	release
SPE2-4	Britons	two Britons
SIMI-4	after kidnapping	seized
EQUI-5	in Egypt	in Egypt
SIMI-4	European backlash	by European countries
SPE2-4	over settlement plan	over latest settlement plans
SIMI-4	faces	called to account
EQUI-5	Israel	Israel
EQUI-5	Allen	Allen
EQUI-5	's abuse claims	's abuse claims
EQUI-5	to Farrow	against Farrow
SIMI-3	responds	defends
EQUI-5	in Moscow	in Moscow
EQUI-5	Snowden	Edward Snowden
EQUI-5	's father	's father
SIMI-2	accelerate	expands
EQUI-5	Facebook earnings	Facebook profits
EQUI-5	jump	jump
EQUI-5	reach	reach
EQUI-5	Rogers , Videotron	Rogers , Videotron
SPE2-4	with network-sharing deal	network-sharing , spectrum deal
SPE2-2	Bangladesh Islamist execution	Bangladesh opposition leader
EQUI-5	upheld	executes
EQUI-5	on new Italian government	Italy new coalition government
EQUI-5	declared	Named
EQUI-5	tallest building in U.S.	Tallest US Building
SPE1-4	New World Trade Center	One World Trade Center
EQUI-5	Piers Morgan	Piers Morgan
EQUI-5	questioned	Interviewed
EQUI-5	by police	by Police
EQUI-5	Egypt Crackdown	Egypt crackdown
EQUI-5	Draws	sparks
SPE2-3	Condemnation	global outrage
EQUI-5	Philippines , rebels	Philippines and rebels
SPE2-4	reach wealth-sharing deal	reach ` wealth deal '
SPE2-4	Imran	Imran Khan
EQUI-5	from four NA seats	from four NA seats
EQUI-5	to contest	to contest
SPE1-4	Pro-Pak Taliban warlord	Taliban commander
EQUI-5	killed	killed
EQUI-5	in US drone strike	in US drone strike
EQUI-5	20	20
EQUI-5	kills	kills
SPE1-4	in northwest Syria	in northern Syria
EQUI-5	Car bomb	Car bomb
EQUI-5	sentenced	sentences
EQUI-5	for drug smuggling	for drug smuggling
EQUI-5	in Egypt	Egypt
EQUI-5	to death	to death
SPE2-3	Five foreigners	Pakistani amid 5
SPE2-4	on new constitution	on divisive constitution
EQUI-5	votes	vote
EQUI-5	Egypt	Egyptians
EQUI-5	of cancer	of cancer
EQUI-5	Fukushima disaster	Fukushima disaster
EQUI-5	who battled	who battled
EQUI-5	dies	dies
SPE2-3	Man	Former plant chief
SPE2_FACT-3	over alleged bribery	with accepting $ 3m bribe
SIMI-4	Nigeria lawmaker	Nigerian MP
EQUI-5	charged	charged
EQUI-5	to speak	to deliver statement
EQUI-5	on Syria	on Syria
EQUI-5	from White House	at White House
EQUI-5	Obama	Obama
SPE1-4	at 1:15 p.m. EDT	at 1:15 PM
EQUI-5	tallest building in US	Tallest US Building
SPE1-4	New World Trade Centre	One World Trade Center
EQUI-5	hits	hits
EQUI-5	Strong new quake	Powerful new earthquake
EQUI-5	shattered Pak region	shattered Pakistan region
EQUI-5	Fashion designer Lilly Pulitzer	Designer , Socialite Lilly Pulitzer
EQUI-5	dies	Dies
SIMI-4	Four dead	Five dead
SPE2-4	in Indonesia train accident	as Indonesia train collides with fuel truck
EQUI-5	wins	is crowned
EQUI-5	Miss New York	Miss New York
EQUI-5	Miss America crown	Miss America
SPE2-4	Austrian	Austrian man
REL-3	hoarding	are found
EQUI-5	56 stolen skulls	after 56 human skulls
SPE1-4	in home museum	at his home
SPE2-2	found	charged
EQUI-5	protest	protest
EQUI-5	Thousands	Thousands
EQUI-5	gay marriage	gay marriage
SPE1-4	China 's 1st Pilot Free Trade Zone	Shanghai Free Trade Zone
EQUI-5	Opens	begins operation
EQUI-5	Gas cylinder blast	Deadly Gas Cylinder Blast
SPE1-4	kills	Hits
EQUI-5	on Pakistan school bus	Pakistan School Bus
EQUI-5	Brazil	across Brazil
EQUI-5	Protests	Protests
REL-2	sweep	planned
SIMI-4	despite concession	despite concessions
EQUI-5	South Korean Workers	South Korean workers
SIMI-4	Start	set
EQUI-5	Joint Factory Zone	joint factory zone
EQUI-5	Leaving	to leave
EQUI-5	software guru John McAfee	software guru McAfee
EQUI-5	arrests	Held
EQUI-5	Guatemala	in Guatemala
EQUI-5	to tornado-ravaged Oklahoma	tornado hit Oklahoma
EQUI-5	travels	visits
EQUI-5	Obama	Obama
SIMI-4	in Central African Republic fighting	in Central African Republic after clashes
SPE2-3	Dozens dead	98 dead
EQUI-5	upgrades	upgrades
SIMI-4	Fitch	Moody 's
EQUI-5	Greek credit rating	Greek credit rating
EQUI-5	into Australian Open quarter-finals	to Australian Open quarterfinals
SIMI-4	cruises	to advance
EQUI-5	Ferrer	Ferrer
EQUI-5	sworn in	sworn in
EQUI-5	as Egypt interim president	as Egypt interim president
EQUI-5	Top judge Mansour	Justice Adly Mansour
SPE1-1	key Al-Shabaab recruiter , financier	Pair
SPE2-4	Kenyan police	Kenya By Anti-Terror Police
EQUI-5	arrest	Arrested
EQUI-5	explodes	explodes
EQUI-5	two people	2
EQUI-5	Bomb	Bomb
SPE2-4	at Greek shopping mall	at Athens shopping mall
EQUI-5	injured	wounded
EQUI-5	Three dead	3 dead
EQUI-5	in Maryland mall shooting	in Maryland mall shooting
EQUI-5	killed	killed
SIMI-4	7	6
REL-3	Vies	Wins
EQUI-5	Merkel	Merkel
EQUI-5	in Germany Elections	in Germany Election
EQUI-5	for banned substance	for banned substance
EQUI-5	test	tests
SIMI-3	Sprinters Tyson Gay and Asafa Powell	US sprinter Tyson Gay
EQUI-5	positive	positive
EQUI-5	Egypt court	Egypt court
EQUI-5	of Mubarak	Mubarak
EQUI-5	orders	orders
EQUI-5	release	freed
EQUI-5	Women	Women drivers
EQUI-5	to face	to face
EQUI-5	higher car insurance premiums	insurance premium rise
SPE2-4	in first talks	first nuclear talks
EQUI-5	Iran , atomic agency	IAEA , Iran
EQUI-5	since Rowhani election	since Rohani election
EQUI-5	US Military Aircraft	US military aircraft
EQUI-5	in S. Sudan	in South Sudan
EQUI-5	Hit	shot at
REL-2	Chinese general	of Chinese army singers
EQUI-5	10 years jail	10 years ' jail
EQUI-5	's son	Son
EQUI-5	gets	gets
SPE2-4	for rape	for gang rape
EQUI-5	adamant	adamant
EQUI-5	the other Taliban	the other Taleban
EQUI-5	on fighting	on fighting
EQUI-5	In Pakistan army	Pak army
EQUI-5	's Boycott Warning	's boycott warning
EQUI-5	Kerry	Kerry
EQUI-5	Slams	slams
EQUI-5	Israeli Minister	Israeli minister
SPE1-4	Myanmar 's Suu Kyi	Suu Kyi
EQUI-5	urges	urges
EQUI-5	party unity	party unity
EQUI-5	amid squabbles	amid squabbles
EQUI-5	defense contractors	defense firms
EQUI-5	discuss	discuss
SPE1-4	harm of automatic spending cuts	automatic spending cuts
EQUI-5	White House	White House
EQUI-5	arrested	arrested
SPE2-4	Former Zambian president	Zambia 's ex-President Rupiah Banda
SPE2-3	of upbeat data	on Strong US Jobs Data
SIMI-4	rally	up
EQUI-5	Asian shares	Asian Markets
EQUI-5	APGA National Leader	APGA national leader
EQUI-5	Bianca Ojukwu	Bianca Ojukwu
REL-3	Names	becomes
EQUI-5	in western China	in western China
SPE1-3	47 people	at least 75
EQUI-5	kills	kills
EQUI-5	Strong earthquake	Strong earthquake
EQUI-5	for asylum	for granting asylum
EQUI-5	Snowden	Snowden
EQUI-5	Russia	Russia
EQUI-5	thanks	thanks
EQUI-5	take	seize
EQUI-5	French forces	French forces
SPE1-4	key Mali town	key town
EQUI-5	leaves	leaves
EQUI-5	Pakistan 's Malala	Malala
SPE2-4	hospital	British hospital
EQUI-5	dead	dead
EQUI-5	in swimming pool at essex hotel	in Essex hotel swimming pool
EQUI-5	found	found
SPE2-4	two	Man and woman
SPE1-4	in Shawal Area	in Miranshah
EQUI-5	US drone strike	US drone strike
EQUI-5	Pakistan	Pakistan
EQUI-5	condemns	condemns
SPE1-4	Iran 's Ahmadinejad	Ahmadinejad
EQUI-5	charges	charges
EQUI-5	over election appearance	over election appearance
EQUI-5	may face	may face
EQUI-5	edge	edge
SPE1-4	US stock futures	Stock futures
EQUI-5	up	higher
EQUI-5	EU	EU
SPE1-4	renews	lifts
EQUI-5	against Zimbabwe	against Zimbabwe
SPE2-4	sanctions	diamond sanctions
EQUI-5	US-Russia	US-Russia
EQUI-5	reach agreement	reach agreement
SPE2-4	on Syria	on Syria weapons
EQUI-5	cancels	canceled
EQUI-5	Obama	Obama
EQUI-5	Moscow meeting	meeting
EQUI-5	with Putin	with Putin
SIMI-4	after affair allegations	over affair claims
EQUI-5	threatens	threatens
EQUI-5	legal action	legal action
EQUI-5	Hollande	Franois Hollande
EQUI-5	over war crime allegations	over war crime allegations
EQUI-5	Sri Lanka	Sri Lanka
EQUI-5	puts on notice	warned
EQUI-5	for metro	for metro
EQUI-5	traffic chaos	traffic chaos
EQUI-5	to ease	to ease
EQUI-5	prays	prays
EQUI-5	Indonesian capital	Jakarta
EQUI-5	in Hezbollah Stronghold	Hezbollah stronghold
EQUI-5	in Lebanon	in Lebanon
SPE1-3	Wounds 15	rocks
EQUI-5	Car Bomb	Car bomb
REL-4	as new Pakistani Taliban leader	Pakistani Taliban chief Hakimullah Mehsud
EQUI-5	after Hakimullah Mehsud	Pakistani Taliban chief Hakimullah Mehsud
EQUI-5	killed	killed
EQUI-5	in drone strike	in drone strike
EQUI-5	releases	releases
SPE1-3	top Afghan Taliban prisoner	seven Afghan Taliban fighters
EQUI-5	Pakistan	Pakistan
EQUI-5	kills	kills
SPE2-1	9	guard
EQUI-5	Suicide bomber	Suicide bomber
SIMI-2	0.39 %	2.47 %
EQUI-5	close	close
EQUI-5	Stocks	Stocks
EQUI-5	higher	higher
EQUI-5	in Pakistan	in Pakistan
SIMI-1	one soldier	6 polio workers
EQUI-5	Gunmen	Gunmen
EQUI-5	kill	kill
EQUI-5	of Syria	of Syria
EQUI-5	's chemical weapons	's Chemical Weapons
EQUI-5	Destruction	Destruction
REL-4	to Israel , Palestinians	for Israeli-Palestinian Talks
SIMI-3	Obama	Kerry
SPE2-3	Syria	Russia , Syria
REL-3	chemical weapons	on ` Concrete ' Chemical Weapons Plan
EQUI-5	Resigns	resigns
SIMI-2	Italian Prime Minister Mario Monti	Palestinian Prime Minister Fayyad
EQUI-5	in Bethlehem	of Bethlehem
SPE1-4	in Hebron	in West Bank
SIMI-4	Israeli soldier	Israeli soldiers
SIMI-3	Palestinian child	Palestinian woman
SIMI-2	hits	kill
SIMI-3	attack	drive back
SPE2-4	French forces	Hundreds of French troops
SIMI-4	al-Qaeda 's Mali allies	north Mali al-Qaida-linked rebels
SPE2-4	Military Operation	international force
SIMI-4	Mounts	mulls
EQUI-5	Algeria	Algeria
SPE1-4	Al Qaeda Hostages	for hostages
EQUI-5	Man	Man
EQUI-5	arrested to Buckingham Palace	After Buckingham Palace Arrest
SPE2-4	over prisoner release	Palestinian prisoners release
SIMI-2	Netanyahu	Yacimovich
EQUI-5	stands	Stands
SPE2-4	's Brotherhood	Muslim Brotherhood
EQUI-5	Egypt	Egypt
SIMI-2	4 NATO Troops	Eight NATO Troops
EQUI-5	Killed	Killed
EQUI-5	in Afghanistan	In Afghanistan
EQUI-5	killed	killed
SIMI-2	At least 45	At least 13
EQUI-5	in Venezuela prison riot	in Venezuela prison riot
SPE1-3	61	Dozens
EQUI-5	killed	killed
EQUI-5	Egypt	Egypt
SPE2-4	's Brotherhood	's Muslim Brotherhood
EQUI-5	TV weatherman Fred Talbot	Weatherman Fred Talbot
EQUI-5	arrested	Held
SIMI-4	over sex claims	Over ` Sex Abuse '
SPE1-4	feared trapped	trapped
EQUI-5	Building collapses in India	India building collapse
SPE1-4	25	dozens
SIMI-4	at Morsi rally	at Morsi rallies
SPE1-4	in Cairo	in Egypt
EQUI-5	as clashes	in clashes
SPE2-3	Dozens die	More than 70 dead
SPE2-4	Spanish train crash driver	Spanish train driver Garzon
EQUI-5	to be questioned	to be questioned
SPE1-4	in Afghan ` insider attack '	in Afghan
EQUI-5	ISAF soldier	British soldier
SPE2-4	killed	shot dead
EQUI-5	in India	in India
EQUI-5	Swiss tourist	Swiss tourist
EQUI-5	gang-raped	gang-raped
EQUI-5	petrol pumps	petrol pumps
SIMI-4	No plan	rejects proposal
REL-4	Moily	India govt
EQUI-5	at night	at night
EQUI-5	to shut	to shut
SPE1-4	Karzai	Afghan president
SPE1-4	for Taliban peace talks	for Taliban talks
EQUI-5	Pakistan	to Pakistan
EQUI-5	to visit	visit
SPE1-4	after car crash	In Crash
EQUI-5	die	Killed
EQUI-5	Three	Three
SPE2-4	at Tian ` anmen	At Tiananmen Square
SPE1-3	two consecutive life terms	life
EQUI-5	given	gets
EQUI-5	` Whitey ' Bulger	Whitey Bulger
EQUI-5	Japan	Japan
EQUI-5	to annual 1.1 pct	to annual 1.1 %
EQUI-5	GDP growth	's GDP growth
EQUI-5	Algeria hostage crisis	Algeria hostage crisis
EQUI-5	ends	ends
EQUI-5	against USD	against USD
EQUI-5	China yuan	China yuan
EQUI-5	strengthens	strengthens
SPE1-3	to 6.2689	to new high
EQUI-5	continue	continue
SIMI-1	in tense Ukraine capital	in Brazil
EQUI-5	Protests	Protests
SPE1-3	arrests	bans
REL-4	Muslim Brotherhood Supreme Guide	Muslim Brotherhood group
EQUI-5	Egypt	Egypt
SPE2-1	nine people	3 policemen
EQUI-5	Gunmen	Gunmen
SIMI-2	in northwest Pakistan	in Iraq
EQUI-5	kill	kill
EQUI-5	Forex & Gold	Forex & Gold
SIMI-4	6 March 2013	12 March 2013
EQUI-5	chemical weapons	's chemical weapons
REL-4	U.S.	UN
EQUI-5	Syria	Syria
REL-3	new leader	Pakistani Taleban chief
SPE2-4	after drone strike	in US drone strike
SPE2-4	Pakistani Taliban	Pakistani Taleban chief
EQUI-5	Syria envoy	Syria envoy
EQUI-5	calls	calls
REL-3	for National Unity Government	for political change
SPE2-4	In Election	Snap Elections
REL-4	Protest	Protesters
SIMI-2	Against Berlusconi	Bulgaria President
EQUI-5	of icon Nelson Mandela	Mandela
SPE2-4	mourns	mourn , celebrate
SIMI-1	to Delhi	in Russia
EQUI-5	arrest	arrest
SIMI_FACT-3	announces	orders
REL-4	of 1,004 Muslim Brotherhood supporters	of Brotherhood chief Badie
EQUI-5	Egypt	Egypt
EQUI-5	Syrian Opposition	Syrian opposition
SPE1-2	Israeli	2
EQUI-5	arrested	detain
REL-3	2 advisors	new Cabinet
EQUI-5	Egypt	Egypt
EQUI-5	's interim president	's interim president
SIMI-3	China	China court
SIMI-3	in New York ambush	after deadly ambush
SPE1-3	killed	in guarded condition
SPE2-4	Two firefighters	Two New York firefighters
EQUI-5	kills	kills
SIMI-3	Car bombing	Suicide bomber
EQUI-5	in Pakistan	in Pakistan
SIMI-3	17	10
SPE2-4	2 Pussy Riot Members	Freed Pussy Riot pair
REL-2	in Krasnoyarsk	anti-Putin protests
SPE2-4	Stocks	Singapore stocks
SIMI-4	0.39 %	0.31 pct
EQUI-5	close	close
OPPO-4	higher	lower
REL-2	Syrian rebels	of Syria chemical arms use
REL-4	for chemical attack	of Syria chemical arms use
EQUI-5	Russia	Russia
EQUI-5	leave	leave
SIMI-2	six dead	18 dead
REL-4	Floods	Heavy rains
EQUI-5	in Philippines	in Philippines
EQUI-5	Houston Texans head coach Gary Kubiak	Texans coach Gary Kubiak
REL-3	hospitalized	in stable condition
EQUI-5	after collapsing	after collapse
REL-4	French train	French train passengers
REL-3	derails	of crash ordeal
EQUI-5	says	says
EQUI-5	Iran	Iran
SIMI-1	in Belfast	in Tunisia
SPE1-4	Brief clashes	clash
EQUI-5	with police	with police
EQUI-5	rises	rises
SIMI-1	China quake Death toll	China flu death toll
EQUI-5	in Syria	in Syria
REL-3	use of chemical weapons	over chemical weapons claims
REL-2	military modernization drive	Chinese vice premier
SIMI-3	Pacific trade pact	to regional trade pact
REL-2	New Japan govt	Japan , US
EQUI-5	dies	kills
SIMI_FACT-1	Suspected Saudi militant	6 militants
EQUI-5	India Ink	India Ink
SIMI-2	January 27	March 20
EQUI-5	Image	Image
EQUI-5	of the Day	of the Day
EQUI-5	from Bangladesh building collapse	in Bangladesh building collapse
SPE1-4	North Korean cargo	N Korean ship
REL-3	missile repair trade with Cuba	Cuba missiles
REL-2	reveals	seized
EQUI-5	on fiscal cliff	fiscal cliff
REL-4	as Obama	John Boehner
EQUI-5	Kerry	Kerry
REL-3	Russians	Russia
REL-3	Syria	to Syrian refugees
EQUI-5	into Lebanon	in Lebanon
EQUI-5	Pope Francis	Pope Francis
SPE2-4	Bombs	Only two bombs
SPE2-4	at Boston Marathon	in Boston Marathon attack
EQUI-5	with Sri Lanka	with Sri Lanka
SIMI-2	off Florida coast	on island of St Vincent
SIMI-3	4 dead	8 dead
SIMI-4	6.3-magnitude quake	Magnitude-6 .0 quake
EQUI-5	hits	jolts
SIMI-1	Honshu , Japan	Santa Cruz Islands
EQUI-5	CENC	CENC
SPE1-4	arrested Boston bomber	for Boston bomb suspect
SIMI-3	in SW China road accident	in E China road accident
SIMI-2	five	39
SIMI-2	10 dead	1 dead
EQUI-5	injured	injured
EQUI-5	Singapore stocks	Singapore stocks
SIMI-2	0.26 percent	0.11 pct
EQUI-5	end up	end up
EQUI-5	of the day	of the Day
SIMI-4	Pictures	Picture
REL-3	presidential elections	's interim president
EQUI-5	Egypt	Egypt
REL-2	before parliamentary polls	new Cabinet
OPPO-5	new election law	new electon law
EQUI-5	approve	approves
SIMI-3	Afghan legislators	Afghan president
SIMI-3	Buried	state funeral
EQUI-5	South Africans	South Africa
REL-4	Mourn	state funeral
EQUI-5	as Mandela	for Mandela
REL-3	Costa Concordia captain	Costa Concordia survivors
SPE1-4	for manslaughter	experience
EQUI-5	in Colorado floods	in Colorado flooding
SPE1-4	in bomb attacks	in fresh attacks
SIMI-3	133	90
EQUI-5	wounded	wounded
SIMI-4	17	15
SPE1-4	in northern Iraq	in Iraq
EQUI-5	killed	killed
EQUI-5	Cyprus bailout	Cyprus bailout
EQUI-5	Egypt	Egypt
REL-3	Muslim Brotherhood newspaper	Muslim Brotherhood deputy head
SPE1-4	towards Oklahoma City	Oklahoma City area
SIMI-3	heads	rake
SPE1-3	` Large and extremely dangerous ' tornado	as tornadoes
EQUI-5	Palestinian president	Palestinian president
EQUI-5	Residents	Residents
EQUI-5	return	return
OPPO-4	lower	higher
EQUI-5	Singapore stocks	Singapore stocks
EQUI-5	close	close
SIMI-2	0.44 pct	0.5 pct
SIMI-3	on Wednesday	on Friday
EQUI-5	close	close
EQUI-5	lower	lower
EQUI-5	Chinese shares	China stocks
SPE1-4	in Bangladesh factory fire	in Bangladesh factory
EQUI-5	Egypt court	Egypt court
SPE2-4	Mubarak release	Mubarak 's release request
SPE1-4	in southwest Pakistan	in Pakistan
EQUI-5	kills	kills
SIMI-2	10	39
SPE1-4	Egyptians	voters
REL-4	vote	at polls
REL-3	on Islamist-backed constitution	on Egypt constitution vote
SIMI-2	in Cairo	in Kiev
EQUI-5	clash	clash
SPE1-3	Morsi supporters	Protesters
EQUI-5	with riot police	with riot police
REL-3	Typhoon survivors	Typhoon Bopha
REL-2	Philippine stores	in S. Philippines
SIMI-2	40 missing	11 missing
SIMI-3	Five dead	8 dead
SPE2-4	in Bomb Blasts in Iraq	In Baquba Blasts
SIMI-3	At Least 66	At Least 47
EQUI-5	Killed	Killed
EQUI-5	rises	rises
SPE2-4	Palestinian prisoners	26 more Palestinian prisoners
EQUI-5	Israel	Israel
EQUI-5	to release	releases
SPE2-4	in US marathon bomb	in Boston marathon bombing
SIMI-2	in Ukraine	in Mali
EQUI-5	of Thousands	of thousands
SIMI-2	in Kyiv	in Bhutan
EQUI-5	Tens	Tens
EQUI-5	Obama	Obama
EQUI-5	economy	on economy
SIMI-3	to reignite	to act
SIMI-2	in UAE	in Egypt
EQUI-5	for elections	for elections
SIMI-2	Pak missions	Islamist parties
SPE1-4	question	arrest
SIMI-2	in deadly LA boardwalk crash	in deadly LA driving attack
SPE2-3	man	suspect
EQUI-5	Police	Police
